{"cameraMode":{"drawMode":0,"name":"Shaded","section":"Shading Mode"},"sceneLighting":false,"audioPlay":false,"sceneViewState":{"m_AlwaysRefresh":false,"showFog":true,"showSkybox":false,"showFlares":true,"showImageEffects":true,"showParticleSystems":true,"showVisualEffectGraphs":true,"m_FxEnabled":true},"in2DMode":false,"pivot":{"x":-0.38599860668182375,"y":-0.4034121632575989,"z":-0.5368936061859131},"rotation":{"x":0.12932449579238892,"y":-0.8321793675422669,"z":0.21826113760471345,"w":0.49307718873023989},"size":1.207395076751709,"orthographic":false}