{"cameraMode":{"drawMode":0,"name":"Shaded","section":"Shading Mode"},"sceneLighting":true,"audioPlay":false,"sceneViewState":{"m_AlwaysRefresh":false,"showFog":true,"showSkybox":true,"showFlares":true,"showImageEffects":true,"showParticleSystems":true,"showVisualEffectGraphs":true,"m_FxEnabled":true},"in2DMode":false,"pivot":{"x":-26.224334716796876,"y":-135.47463989257813,"z":-64.66952514648438},"rotation":{"x":0.09254440665245056,"y":-0.8883912563323975,"z":0.3999316990375519,"w":0.20557382702827454},"size":215.64321899414063,"orthographic":false}