{"cameraMode":{"drawMode":0,"name":"Shaded","section":"Shading Mode"},"sceneLighting":true,"audioPlay":false,"sceneViewState":{"m_AlwaysRefresh":false,"showFog":true,"showSkybox":true,"showFlares":true,"showImageEffects":true,"showParticleSystems":true,"showVisualEffectGraphs":true,"m_FxEnabled":true},"in2DMode":false,"pivot":{"x":-1.559030532836914,"y":-59.624488830566409,"z":88.20472717285156},"rotation":{"x":0.41457876563072207,"y":0.07412482053041458,"z":-0.033905722200870517,"w":0.9063597321510315},"size":87.28631591796875,"orthographic":false}