{"cameraMode":{"drawMode":0,"name":"Shaded","section":"Shading Mode"},"sceneLighting":true,"audioPlay":false,"sceneViewState":{"m_AlwaysRefresh":false,"showFog":true,"showSkybox":true,"showFlares":true,"showImageEffects":true,"showParticleSystems":true,"showVisualEffectGraphs":true,"m_FxEnabled":true},"in2DMode":false,"pivot":{"x":14.788558959960938,"y":40.775421142578128,"z":-26.208847045898439},"rotation":{"x":0.4043607711791992,"y":-0.31205323338508608,"z":0.14894485473632813,"w":0.8467505574226379},"size":206.24972534179688,"orthographic":false}