{"cameraMode":{"drawMode":0,"name":"Shaded","section":"Shading Mode"},"sceneLighting":true,"audioPlay":false,"sceneViewState":{"m_AlwaysRefresh":false,"showFog":true,"showSkybox":true,"showFlares":true,"showImageEffects":true,"showParticleSystems":true,"showVisualEffectGraphs":true,"m_FxEnabled":true},"in2DMode":false,"pivot":{"x":-131.38233947753907,"y":-60.324920654296878,"z":32.755767822265628},"rotation":{"x":0.3943507969379425,"y":-0.3637542724609375,"z":0.17369863390922547,"w":0.8258368968963623},"size":235.52755737304688,"orthographic":false}